code_tiers,nom,forme_juridique,adresse,code_postal,ville,pays_code,telephone,email,site_web,siren,siret,tva_intra,contact_prenom,contact_nom,client,fournisseur
CLI0001,Boulangerie Lemoine,SA,58 rue des Tisserands,76500,Elbeuf,FR,01 99 00 83 01,contact@boulangerielemoine.example.com,https://www.boulangerielemoine.example.com,663517829,66351782946960,FR09663517829,Lucas,Laurent,1,0
CLI0002,Garage Duval,SASU,38 rue Victor Hugo,27200,Vernon,FR,01 99 00 81 54,contact@garageduval.example.com,https://www.garageduval.example.com,574897385,57489738593670,FR60574897385,Louis,Petit,1,0
CLI0003,Cabinet Moreau & Associés,SASU,83 chemin des Prés,76200,Dieppe,FR,01 99 00 78 93,contact@cabinetmoreauetassocies.example.com,https://www.cabinetmoreauetassocies.example.com,178903621,17890362174426,FR78178903621,Camille,Simon,1,0
CLI0004,Menuiserie Leclerc,EURL,5 avenue du Mont Riboudet,76200,Dieppe,FR,01 99 00 86 75,contact@menuiserieleclerc.example.com,https://www.menuiserieleclerc.example.com,020751186,02075118637772,FR37020751186,Manon,Dubois,1,0
CLI0005,Pharmacie du Port,SAS,6 rue Victor Hugo,76100,Rouen,FR,01 99 00 03 58,contact@pharmacieduport.example.com,https://www.pharmacieduport.example.com,065357196,06535719663987,FR68065357196,Camille,Michel,1,0
CLI0006,Transports Marchand,SAS,59 chemin des Prés,76400,Fécamp,FR,01 99 00 74 73,contact@transportsmarchand.example.com,https://www.transportsmarchand.example.com,907534085,90753408561746,FR59907534085,Jules,Martin,1,0
CLI0007,Imprimerie Bellanger,SASU,49 zone industrielle des Portes,76200,Dieppe,FR,01 99 00 26 17,contact@imprimeriebellanger.example.com,https://www.imprimeriebellanger.example.com,662471515,66247151509822,FR84662471515,Jules,Simon,1,0
CLI0008,Électricité Lefèvre,SA,10 rue du Gros Horloge,14000,Caen,FR,01 99 00 99 31,contact@electricitelefevre.example.com,https://www.electricitelefevre.example.com,875909202,87590920245926,FR43875909202,Arthur,Garcia,1,0
CLI0009,Hôtel de la Seine,SASU,99 rue Jeanne d'Arc,76200,Dieppe,FR,01 99 00 71 60,contact@hoteldelaseine.example.com,https://www.hoteldelaseine.example.com,093976835,09397683556346,FR17093976835,Arthur,Durand,1,0
CLI0010,Brasserie Le Normand,SAS,116 chemin des Prés,27400,Louviers,FR,01 99 00 74 77,contact@brasserielenormand.example.com,https://www.brasserielenormand.example.com,199468760,19946876056430,FR03199468760,Hugo,Durand,1,0
CLI0011,Clinique Vétérinaire des Docks,SARL,53 quai de la Bourse,76400,Fécamp,FR,01 99 00 73 57,contact@cliniqueveterinairedesdocks.example.com,https://www.cliniqueveterinairedesdocks.example.com,682576434,68257643494049,FR47682576434,Arthur,Garcia,1,0
CLI0012,Agence Immobilière Caron,SAS,1 quai de la Bourse,76100,Rouen,FR,01 99 00 47 92,contact@agenceimmobilierecaron.example.com,https://www.agenceimmobilierecaron.example.com,402740500,40274050092638,FR85402740500,Camille,Michel,1,0
CLI0013,Ferme du Bois-Guillaume,SARL,6 impasse des Lilas,27200,Vernon,FR,01 99 00 37 76,contact@fermeduboisguillaume.example.com,https://www.fermeduboisguillaume.example.com,119412641,11941264185012,FR57119412641,Inès,Simon,1,0
CLI0014,Plomberie Thibault,SASU,53 rue Jeanne d'Arc,14100,Lisieux,FR,01 99 00 41 50,contact@plomberiethibault.example.com,https://www.plomberiethibault.example.com,500221684,50022168448749,FR83500221684,Jules,Simon,1,0
CLI0015,Cidrerie Havet,EURL,55 rue Victor Hugo,27200,Vernon,FR,01 99 00 39 99,contact@cidreriehavet.example.com,https://www.cidreriehavet.example.com,873153704,87315370411676,FR83873153704,Emma,Garcia,1,0
CLI0016,Atelier Dubois,EURL,119 zone industrielle des Portes,76130,Mont-Saint-Aignan,FR,01 99 00 24 94,contact@atelierdubois.example.com,https://www.atelierdubois.example.com,874684285,87468428512873,FR40874684285,Inès,Garcia,1,0
CLI0017,Librairie Le Marque-Page,SASU,35 rue Victor Hugo,27400,Louviers,FR,01 99 00 30 88,contact@librairielemarquepage.example.com,https://www.librairielemarquepage.example.com,275238871,27523887138014,FR51275238871,Jules,Robert,1,0
CLI0018,Cabinet Dentaire Fontaine,SA,48 rue Jeanne d'Arc,14100,Lisieux,FR,01 99 00 11 65,contact@cabinetdentairefontaine.example.com,https://www.cabinetdentairefontaine.example.com,488362245,48836224524599,FR08488362245,Camille,Laurent,1,0
CLI0019,Bureau d'études Roussel,SARL,87 impasse des Lilas,27000,Évreux,FR,01 99 00 37 34,contact@bureaudetudesroussel.example.com,https://www.bureaudetudesroussel.example.com,219795556,21979555631801,FR80219795556,Inès,Bernard,1,0
CLI0020,Fromagerie Pierre,EURL,110 avenue du Mont Riboudet,27200,Vernon,FR,01 99 00 76 27,contact@fromageriepierre.example.com,https://www.fromageriepierre.example.com,672516549,67251654972826,FR02672516549,Camille,Petit,1,0
CLI0021,Auto-École Gosselin,SA,90 impasse des Lilas,61000,Alençon,FR,01 99 00 78 43,contact@autoecolegosselin.example.com,https://www.autoecolegosselin.example.com,410570675,41057067592654,FR23410570675,Camille,Durand,1,0
CLI0022,Salon Coiffure Léa,SARL,104 rue du Gros Horloge,76210,Bolbec,FR,01 99 00 81 24,contact@saloncoiffurelea.example.com,https://www.saloncoiffurelea.example.com,692428360,69242836011441,FR22692428360,Chloé,Robert,1,0
CLI0023,Studio Photo Lumière,EURL,46 avenue des Martyrs de la Résistance,27000,Évreux,FR,01 99 00 86 24,contact@studiophotolumiere.example.com,https://www.studiophotolumiere.example.com,886781830,88678183002493,FR28886781830,Arthur,Durand,1,0
CLI0024,Maçonnerie Hamel,SA,77 zone industrielle des Portes,76500,Elbeuf,FR,01 99 00 07 85,contact@maconneriehamel.example.com,https://www.maconneriehamel.example.com,078803764,07880376422146,FR91078803764,Lucas,Garcia,1,0
CLI0025,Les Jardins de Normandie,SA,76 rue des Tisserands,76100,Rouen,FR,01 99 00 39 49,contact@lesjardinsdenormandie.example.com,https://www.lesjardinsdenormandie.example.com,448067694,44806769462271,FR83448067694,Arthur,Moreau,1,0
CLI0026,Optique Vasseur,SA,23 chemin des Prés,61000,Alençon,FR,01 99 00 12 37,contact@optiquevasseur.example.com,https://www.optiquevasseur.example.com,269517769,26951776968084,FR22269517769,Emma,Petit,1,0
CLI0027,Traiteur Aux Saveurs,SARL,93 rue Jeanne d'Arc,76190,Yvetot,FR,01 99 00 70 26,contact@traiteurauxsaveurs.example.com,https://www.traiteurauxsaveurs.example.com,735237406,73523740691261,FR33735237406,Jules,Martin,1,0
CLI0028,Cycles Lecomte,SAS,53 impasse des Lilas,14000,Caen,FR,01 99 00 97 03,contact@cycleslecomte.example.com,https://www.cycleslecomte.example.com,930120282,93012028200563,FR76930120282,Hugo,Garcia,1,0
CLI0029,Informatique Service Plus,SA,64 boulevard de l'Europe,76500,Elbeuf,FR,01 99 00 67 28,contact@informatiqueserviceplus.example.com,https://www.informatiqueserviceplus.example.com,684593619,68459361929926,FR63684593619,Lucas,Martin,1,0
CLI0030,Lycée Professionnel Les Bruyères,EURL,90 rue du Gros Horloge,76000,Rouen,FR,01 99 00 76 32,contact@lyceeprofessionnellesbruyeres.example.com,https://www.lyceeprofessionnellesbruyeres.example.com,069335545,06933554598646,FR41069335545,Emma,Moreau,1,0
